refund_id,order_id,product_id,customer_id,amount,reason,timestamp
RF-8002,ORD-1175,PROD-011,CUST-0326,2483.23,Customer Return,2026-08-04 00:21:15
RF-8001,ORD-1159,PROD-040,CUST-0483,670.05,Customer Return,2026-08-04 05:07:02
RF-8004,ORD-1237,PROD-078,CUST-0069,6392.14,Customer Return,2026-08-05 07:01:53
RF-8006,ORD-1534,PROD-058,CUST-0007,3722.35,Customer Return,2026-08-05 07:36:19
RF-8003,ORD-1228,PROD-027,CUST-0158,291.34,Customer Return,2026-08-05 10:46:43
RF-8005,ORD-1455,PROD-059,CUST-0110,3303.71,Customer Return,2026-08-05 14:32:46
RF-8011,ORD-1626,PROD-041,CUST-0259,2446.64,Customer Return,2026-08-05 17:29:00
RF-8009,ORD-1579,PROD-029,CUST-0264,535.08,Customer Return,2026-08-05 18:54:40
RF-8010,ORD-1583,PROD-028,CUST-0396,1948.31,Customer Return,2026-08-05 22:27:55
RF-8013,ORD-1685,PROD-077,CUST-0123,1125.08,Customer Return,2026-08-06 00:44:45
RF-8016,ORD-1737,PROD-021,CUST-0409,1004.29,Customer Return,2026-08-06 10:01:13
RF-8014,ORD-1688,PROD-018,CUST-0170,4390.3,Customer Return,2026-08-06 16:10:11
RF-8018,ORD-1740,PROD-076,CUST-0178,4424.97,Customer Return,2026-08-07 00:26:49
RF-8007,ORD-1569,PROD-067,CUST-0239,674.08,Customer Return,2026-08-07 01:30:29
RF-8020,ORD-1865,PROD-033,CUST-0433,2788.05,Customer Return,2026-08-07 07:56:39
RF-8008,ORD-1574,PROD-020,CUST-0397,4054.3,Customer Return,2026-08-07 13:12:28
RF-8015,ORD-1731,PROD-038,CUST-0157,414.04,Customer Return,2026-08-08 00:11:12
RF-8012,ORD-1669,PROD-092,CUST-0188,3569.25,Customer Return,2026-08-08 03:30:27
RF-8019,ORD-1855,PROD-047,CUST-0092,4093.93,Customer Return,2026-08-08 04:32:44
RF-8023,ORD-2019,PROD-025,CUST-0393,3655.67,Customer Return,2026-08-08 10:29:45
RF-8022,ORD-1995,PROD-091,CUST-0083,3570.49,Customer Return,2026-08-08 11:08:32
RF-8017,ORD-1738,PROD-026,CUST-0264,1605.72,Customer Return,2026-08-08 14:09:37
RF-8024,ORD-2026,PROD-080,CUST-0462,2644.13,Customer Return,2026-08-09 05:28:29
RF-8021,ORD-1932,PROD-054,CUST-0167,1418.34,Customer Return,2026-08-09 06:19:24
RF-8029,ORD-2288,PROD-033,CUST-0277,2788.05,Customer Return,2026-08-09 10:09:03
RF-8025,ORD-2072,PROD-093,CUST-0300,4101.12,Customer Return,2026-08-10 04:55:05
RF-8030,ORD-2301,PROD-071,CUST-0444,6049.66,Customer Return,2026-08-10 06:58:25
RF-8027,ORD-2279,PROD-075,CUST-0423,7795.04,Customer Return,2026-08-10 09:53:28
RF-8034,ORD-2391,PROD-068,CUST-0267,6126.32,Customer Return,2026-08-10 11:34:21
RF-8033,ORD-2389,PROD-029,CUST-0044,535.08,Customer Return,2026-08-10 13:17:13
RF-8035,ORD-2450,PROD-051,CUST-0353,3786.85,Customer Return,2026-08-10 18:49:45
RF-8039,ORD-2515,PROD-088,CUST-0435,3211.6,Customer Return,2026-08-10 21:55:36
RF-8040,ORD-2518,PROD-085,CUST-0321,1434.09,Customer Return,2026-08-10 22:21:01
RF-8026,ORD-2269,PROD-048,CUST-0067,4257.97,Customer Return,2026-08-11 00:29:38
RF-8031,ORD-2311,PROD-042,CUST-0215,3684.61,Customer Return,2026-08-11 01:22:32
RF-8028,ORD-2285,PROD-016,CUST-0479,358.12,Customer Return,2026-08-11 17:44:13
RF-8043,ORD-2691,PROD-039,CUST-0320,3590.3,Customer Return,2026-08-11 18:33:52
RF-8036,ORD-2493,PROD-052,CUST-0059,1229.97,Customer Return,2026-08-12 03:50:50
RF-8032,ORD-2357,PROD-008,CUST-0399,2439.3,Customer Return,2026-08-12 06:48:44
RF-8038,ORD-2510,PROD-036,CUST-0334,2589.06,Customer Return,2026-08-12 08:13:27
RF-8044,ORD-2699,PROD-067,CUST-0160,1348.16,Customer Return,2026-08-12 12:40:56
RF-8037,ORD-2504,PROD-007,CUST-0245,8148.62,Customer Return,2026-08-12 14:23:23
RF-8042,ORD-2668,PROD-097,CUST-0337,6964.42,Customer Return,2026-08-12 17:20:46
RF-8045,ORD-2848,PROD-056,CUST-0238,2252.3,Customer Return,2026-08-12 21:32:27
RF-8047,ORD-2864,PROD-020,CUST-0153,4054.3,Customer Return,2026-08-13 17:46:49
RF-8041,ORD-2637,PROD-037,CUST-0036,3246.81,Customer Return,2026-08-13 20:00:23
RF-8046,ORD-2857,PROD-031,CUST-0496,2419.53,Customer Return,2026-08-14 19:47:59
RF-8052,ORD-3235,PROD-097,CUST-0421,3482.21,Customer Return,2026-08-15 02:42:33
RF-8053,ORD-3246,PROD-020,CUST-0241,8108.6,Customer Return,2026-08-15 04:14:59
RF-8050,ORD-3080,PROD-010,CUST-0201,3817.51,Customer Return,2026-08-15 19:01:09
RF-8049,ORD-3068,PROD-040,CUST-0307,670.05,Customer Return,2026-08-15 22:20:11
RF-8051,ORD-3146,PROD-088,CUST-0349,3211.6,Customer Return,2026-08-16 04:15:32
RF-8056,ORD-3290,PROD-010,CUST-0357,3817.51,Customer Return,2026-08-16 06:24:32
RF-8048,ORD-3053,PROD-037,CUST-0164,3246.81,Customer Return,2026-08-16 08:13:59
RF-8055,ORD-3284,PROD-074,CUST-0242,3048.46,Customer Return,2026-08-16 15:34:06
RF-8058,ORD-3438,PROD-053,CUST-0058,3564.2,Customer Return,2026-08-17 02:07:46
RF-8054,ORD-3268,PROD-018,CUST-0411,4390.3,Customer Return,2026-08-17 02:19:50
RF-8057,ORD-3318,PROD-006,CUST-0451,3737.74,Customer Return,2026-08-17 15:20:08
RF-8060,ORD-3529,PROD-008,CUST-0424,2439.3,Customer Return,2026-08-17 16:52:15
RF-8062,ORD-3586,PROD-088,CUST-0417,3211.6,Customer Return,2026-08-18 03:50:41
RF-8064,ORD-3622,PROD-047,CUST-0471,4093.93,Customer Return,2026-08-18 04:53:00
RF-8068,ORD-3743,PROD-061,CUST-0273,8060.6,Customer Return,2026-08-18 07:49:30
RF-8059,ORD-3506,PROD-056,CUST-0039,2252.3,Customer Return,2026-08-18 08:39:06
RF-8065,ORD-3707,PROD-071,CUST-0455,3024.83,Customer Return,2026-08-18 16:47:07
RF-8061,ORD-3546,PROD-089,CUST-0026,3314.53,Customer Return,2026-08-18 18:14:37
RF-8067,ORD-3723,PROD-049,CUST-0372,818.39,Customer Return,2026-08-18 22:01:29
RF-8063,ORD-3621,PROD-085,CUST-0353,1434.09,Customer Return,2026-08-19 11:44:29
RF-8066,ORD-3710,PROD-069,CUST-0140,1653.98,Customer Return,2026-08-19 19:12:18
RF-8073,ORD-4070,PROD-025,CUST-0157,3655.67,Customer Return,2026-08-19 19:35:35
RF-8070,ORD-3795,PROD-067,CUST-0161,674.08,Customer Return,2026-08-19 20:06:16
RF-8069,ORD-3761,PROD-045,CUST-0089,3855.71,Customer Return,2026-08-19 21:20:42
RF-8071,ORD-3882,PROD-099,CUST-0370,3310.04,Customer Return,2026-08-20 06:16:44
RF-8072,ORD-4029,PROD-027,CUST-0256,291.34,Customer Return,2026-08-20 12:51:18
RF-8075,ORD-4158,PROD-061,CUST-0082,4030.3,Customer Return,2026-08-20 17:54:56
RF-8076,ORD-4165,PROD-046,CUST-0233,1299.1,Customer Return,2026-08-21 19:53:49
RF-8074,ORD-4142,PROD-004,CUST-0125,1231.42,Customer Return,2026-08-22 02:40:18
RF-8087,ORD-4536,PROD-085,CUST-0045,1434.09,Customer Return,2026-08-22 14:49:48
RF-8078,ORD-4245,PROD-023,CUST-0415,7808.1,Customer Return,2026-08-22 19:05:36
RF-8079,ORD-4247,PROD-070,CUST-0018,3527.16,Customer Return,2026-08-22 19:22:14
RF-8089,ORD-4580,PROD-038,CUST-0448,414.04,Customer Return,2026-08-22 19:59:03
RF-8077,ORD-4212,PROD-075,CUST-0489,3897.52,Customer Return,2026-08-22 20:28:38
RF-8086,ORD-4530,PROD-098,CUST-0116,613.4,Customer Return,2026-08-22 20:59:09
RF-8080,ORD-4314,PROD-071,CUST-0214,3024.83,Customer Return,2026-08-23 00:45:18
RF-8090,ORD-4595,PROD-084,CUST-0256,1882.85,Customer Return,2026-08-23 02:04:58
RF-8083,ORD-4417,PROD-071,CUST-0166,3024.83,Customer Return,2026-08-23 02:10:00
RF-8081,ORD-4320,PROD-019,CUST-0215,851.72,Customer Return,2026-08-23 10:35:29
RF-8093,ORD-4664,PROD-006,CUST-0388,3737.74,Customer Return,2026-08-23 15:44:43
RF-8094,ORD-4691,PROD-088,CUST-0282,3211.6,Customer Return,2026-08-23 18:31:28
RF-8091,ORD-4617,PROD-031,CUST-0475,2419.53,Customer Return,2026-08-23 20:09:44
RF-8085,ORD-4514,PROD-063,CUST-0121,4076.43,Customer Return,2026-08-23 20:44:50
RF-8084,ORD-4424,PROD-031,CUST-0213,2419.53,Customer Return,2026-08-23 22:09:02
RF-8082,ORD-4404,PROD-100,CUST-0096,1604.68,Customer Return,2026-08-23 23:20:51
RF-8096,ORD-4740,PROD-009,CUST-0022,4337.59,Customer Return,2026-08-24 01:22:52
RF-8088,ORD-4546,PROD-025,CUST-0175,3655.67,Customer Return,2026-08-24 09:13:41
RF-8097,ORD-4844,PROD-013,CUST-0182,2065.51,Customer Return,2026-08-24 13:56:32
RF-8099,ORD-4882,PROD-028,CUST-0376,1948.31,Customer Return,2026-08-24 16:15:33
RF-8095,ORD-4713,PROD-007,CUST-0375,4074.31,Customer Return,2026-08-25 01:36:22
RF-8100,ORD-4887,PROD-012,CUST-0102,829.04,Customer Return,2026-08-25 09:57:34
RF-8092,ORD-4653,PROD-071,CUST-0176,3024.83,Customer Return,2026-08-25 13:12:01
RF-8098,ORD-4863,PROD-020,CUST-0377,4054.3,Customer Return,2026-08-25 16:36:01
RF-8101,ORD-4983,PROD-079,CUST-0385,1076.17,Customer Return,2026-08-25 18:23:48
RF-8102,ORD-5065,PROD-096,CUST-0272,8589.22,Customer Return,2026-08-25 21:52:30
RF-8104,ORD-5145,PROD-088,CUST-0379,3211.6,Customer Return,2026-08-26 03:04:22
RF-8108,ORD-5260,PROD-088,CUST-0295,3211.6,Customer Return,2026-08-27 01:10:07
RF-8107,ORD-5197,PROD-040,CUST-0392,670.05,Customer Return,2026-08-27 05:21:22
RF-8111,ORD-5378,PROD-064,CUST-0213,2449.37,Customer Return,2026-08-27 16:41:19
RF-8106,ORD-5165,PROD-008,CUST-0261,2439.3,Customer Return,2026-08-27 20:52:35
RF-8110,ORD-5324,PROD-072,CUST-0053,2757.05,Customer Return,2026-08-27 22:07:40
RF-8103,ORD-5126,PROD-045,CUST-0278,3855.71,Customer Return,2026-08-28 01:24:42
RF-8109,ORD-5271,PROD-025,CUST-0377,3655.67,Customer Return,2026-08-28 07:42:41
RF-8105,ORD-5162,PROD-060,CUST-0032,3297.77,Customer Return,2026-08-28 12:27:20
RF-8117,ORD-5547,PROD-079,CUST-0222,1076.17,Customer Return,2026-08-28 17:20:51
RF-8112,ORD-5381,PROD-076,CUST-0302,4424.97,Customer Return,2026-08-28 18:06:24
RF-8115,ORD-5541,PROD-033,CUST-0115,5576.1,Customer Return,2026-08-29 05:30:24
RF-8116,ORD-5544,PROD-088,CUST-0435,3211.6,Customer Return,2026-08-29 05:55:44
RF-8114,ORD-5533,PROD-049,CUST-0313,818.39,Customer Return,2026-08-29 11:22:52
RF-8118,ORD-5604,PROD-066,CUST-0417,883.38,Customer Return,2026-08-29 16:19:15
RF-8120,ORD-5739,PROD-006,CUST-0067,3737.74,Customer Return,2026-08-29 23:13:17
RF-8113,ORD-5428,PROD-052,CUST-0090,1229.97,Customer Return,2026-08-29 23:41:08
RF-8119,ORD-5670,PROD-095,CUST-0135,1544.47,Customer Return,2026-08-30 14:33:51
RF-8124,ORD-5793,PROD-004,CUST-0219,2462.84,Customer Return,2026-08-30 21:46:53
RF-8121,ORD-5747,PROD-062,CUST-0447,1904.59,Customer Return,2026-08-31 09:20:31
RF-8122,ORD-5785,PROD-037,CUST-0019,6493.62,Customer Return,2026-08-31 09:39:47
RF-8126,ORD-5956,PROD-076,CUST-0361,8849.94,Customer Return,2026-08-31 10:35:45
RF-8127,ORD-5970,PROD-065,CUST-0285,4226.7,Customer Return,2026-08-31 11:33:34
RF-8125,ORD-5800,PROD-097,CUST-0137,3482.21,Customer Return,2026-08-31 11:45:32
RF-8131,ORD-6124,PROD-010,CUST-0406,3817.51,Customer Return,2026-08-31 21:06:39
RF-8129,ORD-6030,PROD-074,CUST-0318,1524.23,Customer Return,2026-09-01 00:57:29
RF-8123,ORD-5791,PROD-088,CUST-0470,3211.6,Customer Return,2026-09-01 02:29:54
RF-8128,ORD-5986,PROD-099,CUST-0118,3310.04,Customer Return,2026-09-01 12:47:43
RF-8132,ORD-6166,PROD-027,CUST-0347,291.34,Customer Return,2026-09-01 22:59:22
RF-8130,ORD-6107,PROD-075,CUST-0410,3897.52,Customer Return,2026-09-01 23:44:12
RF-8135,ORD-6284,PROD-067,CUST-0091,674.08,Customer Return,2026-09-02 04:30:23
RF-8137,ORD-6356,PROD-033,CUST-0106,2788.05,Customer Return,2026-09-02 05:35:33
RF-8133,ORD-6227,PROD-009,CUST-0129,4337.59,Customer Return,2026-09-02 08:31:53
RF-8139,ORD-6406,PROD-037,CUST-0218,3246.81,Customer Return,2026-09-02 14:35:12
RF-8134,ORD-6266,PROD-065,CUST-0326,4226.7,Customer Return,2026-09-03 12:59:33
RF-8136,ORD-6353,PROD-054,CUST-0008,2836.68,Customer Return,2026-09-03 21:10:12
RF-8141,ORD-6646,PROD-060,CUST-0057,3297.77,Customer Return,2026-09-04 17:10:49
RF-8138,ORD-6402,PROD-072,CUST-0229,2757.05,Customer Return,2026-09-04 21:01:52
RF-8140,ORD-6514,PROD-072,CUST-0170,2757.05,Customer Return,2026-09-05 09:42:30
RF-8143,ORD-6741,PROD-074,CUST-0112,1524.23,Customer Return,2026-09-05 14:28:34
RF-8146,ORD-6832,PROD-044,CUST-0388,6610.12,Customer Return,2026-09-06 00:13:05
RF-8148,ORD-7000,PROD-001,CUST-0362,557.56,Customer Return,2026-09-06 03:44:03
RF-8142,ORD-6695,PROD-069,CUST-0474,826.99,Customer Return,2026-09-06 06:02:19
RF-8145,ORD-6772,PROD-051,CUST-0119,3786.85,Customer Return,2026-09-06 14:48:59
RF-8151,ORD-7125,PROD-080,CUST-0235,5288.26,Customer Return,2026-09-06 18:13:42
RF-8150,ORD-7082,PROD-030,CUST-0070,1768.39,Customer Return,2026-09-07 00:12:36
RF-8144,ORD-6771,PROD-084,CUST-0232,1882.85,Customer Return,2026-09-07 00:40:58
RF-8147,ORD-6914,PROD-022,CUST-0024,3621.3,Customer Return,2026-09-07 06:41:55
RF-SPIKE-1,ORD-SPK-1,PROD-088,CUST-0051,2890.0,Damaged / Defective Packaging,2026-09-07 10:00:00
RF-8153,ORD-7173,PROD-072,CUST-0012,2757.05,Customer Return,2026-09-07 10:57:03
RF-SPIKE-2,ORD-SPK-2,PROD-088,CUST-0052,2890.0,Damaged / Defective Packaging,2026-09-07 15:00:00
RF-SPIKE-3,ORD-SPK-3,PROD-088,CUST-0053,2890.0,Damaged / Defective Packaging,2026-09-07 20:00:00
RF-8152,ORD-7167,PROD-042,CUST-0292,7369.22,Customer Return,2026-09-07 21:06:43
RF-SPIKE-4,ORD-SPK-4,PROD-088,CUST-0054,2890.0,Damaged / Defective Packaging,2026-09-08 01:00:00
RF-8158,ORD-7388,PROD-096,CUST-0343,4294.61,Customer Return,2026-09-08 03:02:40
RF-8154,ORD-7199,PROD-034,CUST-0333,4272.95,Customer Return,2026-09-08 04:35:21
RF-8157,ORD-7343,PROD-091,CUST-0389,3570.49,Customer Return,2026-09-08 04:44:47
RF-SPIKE-5,ORD-SPK-5,PROD-088,CUST-0055,2890.0,Damaged / Defective Packaging,2026-09-08 06:00:00
RF-8149,ORD-7060,PROD-073,CUST-0441,3904.31,Customer Return,2026-09-08 09:08:04
RF-SPIKE-6,ORD-SPK-6,PROD-088,CUST-0056,2890.0,Damaged / Defective Packaging,2026-09-08 11:00:00
RF-8156,ORD-7274,PROD-096,CUST-0150,4294.61,Customer Return,2026-09-08 12:05:07
RF-SPIKE-7,ORD-SPK-7,PROD-088,CUST-0057,2890.0,Damaged / Defective Packaging,2026-09-08 16:00:00
RF-8155,ORD-7257,PROD-065,CUST-0188,4226.7,Customer Return,2026-09-09 14:42:31
RF-8162,ORD-7547,PROD-088,CUST-0420,3211.6,Customer Return,2026-09-09 15:17:58
RF-8159,ORD-7456,PROD-070,CUST-0379,3527.16,Customer Return,2026-09-10 03:34:04
RF-8160,ORD-7508,PROD-071,CUST-0109,3024.83,Customer Return,2026-09-10 11:50:32
RF-8161,ORD-7510,PROD-001,CUST-0476,557.56,Customer Return,2026-09-11 03:07:23
RF-8166,ORD-7909,PROD-034,CUST-0107,4272.95,Customer Return,2026-09-11 05:58:47
RF-8163,ORD-7691,PROD-001,CUST-0311,557.56,Customer Return,2026-09-11 18:27:26
RF-8164,ORD-7788,PROD-001,CUST-0263,557.56,Customer Return,2026-09-12 02:02:03
RF-8169,ORD-8029,PROD-095,CUST-0438,1544.47,Customer Return,2026-09-12 11:46:26
RF-8165,ORD-7868,PROD-076,CUST-0290,4424.97,Customer Return,2026-09-12 21:14:08
RF-8172,ORD-8155,PROD-099,CUST-0475,3310.04,Customer Return,2026-09-12 21:24:32
RF-8173,ORD-8160,PROD-100,CUST-0242,1604.68,Customer Return,2026-09-13 06:06:32
RF-8168,ORD-8019,PROD-028,CUST-0453,1948.31,Customer Return,2026-09-13 09:22:15
RF-8170,ORD-8085,PROD-084,CUST-0351,1882.85,Customer Return,2026-09-13 10:36:59
RF-8176,ORD-8265,PROD-071,CUST-0424,3024.83,Customer Return,2026-09-13 13:48:44
RF-8171,ORD-8119,PROD-098,CUST-0273,613.4,Customer Return,2026-09-13 23:22:02
RF-8167,ORD-8014,PROD-075,CUST-0038,7795.04,Customer Return,2026-09-14 02:40:12
RF-1029-1,ORD-P17-1,P17,CUST-0011,1100.0,Defective Item Batch,2026-09-14 14:20:00
RF-8175,ORD-8246,PROD-058,CUST-0429,3722.35,Customer Return,2026-09-14 16:08:58
RF-8174,ORD-8230,PROD-046,CUST-0299,1299.1,Customer Return,2026-09-14 19:54:41
RF-1029-2,ORD-P17-2,P17,CUST-0012,1100.0,Defective Item Batch,2026-09-14 20:20:00
RF-1029-3,ORD-P17-3,P17,CUST-0013,1100.0,Defective Item Batch,2026-09-15 02:20:00
RF-8179,ORD-8585,PROD-089,CUST-0377,3314.53,Customer Return,2026-09-15 06:36:22
RF-8178,ORD-8483,PROD-060,CUST-0204,6595.54,Customer Return,2026-09-15 12:19:15
RF-8177,ORD-8367,PROD-100,CUST-0410,1604.68,Customer Return,2026-09-15 15:05:22
RF-8181,ORD-8790,PROD-030,CUST-0369,1768.39,Customer Return,2026-09-16 07:18:03
RF-8183,ORD-8823,PROD-029,CUST-0409,535.08,Customer Return,2026-09-16 18:55:13
RF-8180,ORD-8617,PROD-096,CUST-0020,4294.61,Customer Return,2026-09-17 13:04:59
RF-8185,ORD-8963,PROD-036,CUST-0459,2589.06,Customer Return,2026-09-17 14:30:53
RF-8188,ORD-9074,PROD-016,CUST-0212,358.12,Customer Return,2026-09-18 07:03:01
RF-8187,ORD-9066,PROD-024,CUST-0497,4336.35,Customer Return,2026-09-18 07:55:52
RF-8184,ORD-8851,PROD-056,CUST-0478,4504.6,Customer Return,2026-09-18 08:49:58
RF-8189,ORD-9087,PROD-020,CUST-0276,4054.3,Customer Return,2026-09-18 19:52:08
RF-8182,ORD-8812,PROD-070,CUST-0191,3527.16,Customer Return,2026-09-18 22:22:39
RF-8190,ORD-9107,PROD-013,CUST-0354,2065.51,Customer Return,2026-09-19 05:40:21
RF-8186,ORD-9060,PROD-027,CUST-0463,291.34,Customer Return,2026-09-19 07:05:46
RF-8191,ORD-9165,PROD-063,CUST-0307,4076.43,Customer Return,2026-09-20 06:47:22
RF-8196,ORD-9417,PROD-100,CUST-0421,1604.68,Customer Return,2026-09-20 09:03:43
RF-8192,ORD-9225,PROD-076,CUST-0077,4424.97,Customer Return,2026-09-20 17:11:06
RF-8193,ORD-9279,PROD-034,CUST-0153,4272.95,Customer Return,2026-09-21 01:44:55
RF-8198,ORD-9488,PROD-050,CUST-0001,6824.34,Customer Return,2026-09-21 02:00:02
RF-8199,ORD-9497,PROD-089,CUST-0287,3314.53,Customer Return,2026-09-21 05:15:44
RF-8195,ORD-9415,PROD-077,CUST-0248,1125.08,Customer Return,2026-09-21 07:46:54
RF-8197,ORD-9428,PROD-045,CUST-0236,3855.71,Customer Return,2026-09-21 08:36:24
RF-8202,ORD-9601,PROD-049,CUST-0314,1636.78,Customer Return,2026-09-21 15:49:28
RF-8200,ORD-9575,PROD-058,CUST-0436,3722.35,Customer Return,2026-09-21 18:10:51
RF-8194,ORD-9405,PROD-067,CUST-0353,674.08,Customer Return,2026-09-22 07:22:51
RF-8201,ORD-9583,PROD-004,CUST-0213,1231.42,Customer Return,2026-09-22 13:18:06
