return_id,order_id,product_id,customer_id,condition,timestamp
RET-9001,ORD-1110,PROD-063,CUST-0244,Sellable,2026-08-03 12:30:20
RET-9009,ORD-1394,PROD-051,CUST-0158,Sellable,2026-08-04 23:54:04
RET-9007,ORD-1348,PROD-039,CUST-0251,Sellable,2026-08-05 01:21:22
RET-9005,ORD-1283,PROD-064,CUST-0057,Sellable,2026-08-05 03:06:24
RET-9003,ORD-1169,PROD-059,CUST-0237,Sellable,2026-08-05 05:53:35
RET-9002,ORD-1142,PROD-066,CUST-0497,Sellable,2026-08-05 06:03:06
RET-9006,ORD-1287,PROD-048,CUST-0023,Sellable,2026-08-05 21:40:45
RET-9004,ORD-1235,PROD-095,CUST-0037,Sellable,2026-08-05 22:16:55
RET-9010,ORD-1630,PROD-020,CUST-0282,Sellable,2026-08-06 01:28:00
RET-9008,ORD-1382,PROD-075,CUST-0489,Sellable,2026-08-06 02:11:22
RET-9011,ORD-1780,PROD-099,CUST-0050,Sellable,2026-08-06 21:48:19
RET-9012,ORD-1793,PROD-019,CUST-0284,Sellable,2026-08-08 09:38:46
RET-9015,ORD-1887,PROD-020,CUST-0410,Sellable,2026-08-08 11:01:02
RET-9013,ORD-1843,PROD-091,CUST-0132,Sellable,2026-08-08 11:45:41
RET-9016,ORD-1938,PROD-057,CUST-0388,Sellable,2026-08-08 16:16:33
RET-9017,ORD-1993,PROD-060,CUST-0317,Sellable,2026-08-09 00:05:57
RET-9020,ORD-2127,PROD-036,CUST-0068,Sellable,2026-08-09 02:09:17
RET-9014,ORD-1875,PROD-085,CUST-0472,Sellable,2026-08-09 13:18:37
RET-9018,ORD-1998,PROD-051,CUST-0157,Sellable,2026-08-09 19:48:31
RET-9021,ORD-2166,PROD-058,CUST-0274,Sellable,2026-08-09 21:42:14
RET-9023,ORD-2263,PROD-066,CUST-0419,Sellable,2026-08-10 06:30:10
RET-9019,ORD-2036,PROD-064,CUST-0235,Sellable,2026-08-10 14:12:33
RET-9022,ORD-2179,PROD-063,CUST-0399,Sellable,2026-08-11 13:33:08
RET-9026,ORD-2420,PROD-014,CUST-0133,Sellable,2026-08-11 13:49:58
RET-9024,ORD-2381,PROD-096,CUST-0411,Sellable,2026-08-11 15:17:19
RET-9025,ORD-2416,PROD-011,CUST-0182,Sellable,2026-08-12 11:15:39
RET-9030,ORD-2743,PROD-084,CUST-0196,Sellable,2026-08-12 17:46:30
RET-9027,ORD-2597,PROD-075,CUST-0485,Sellable,2026-08-13 07:00:24
RET-9028,ORD-2636,PROD-057,CUST-0200,Sellable,2026-08-13 20:33:04
RET-9032,ORD-2793,PROD-063,CUST-0238,Sellable,2026-08-13 22:53:22
RET-9029,ORD-2679,PROD-085,CUST-0309,Sellable,2026-08-14 02:40:06
RET-9039,ORD-3014,PROD-064,CUST-0356,Sellable,2026-08-14 14:19:01
RET-9045,ORD-3153,PROD-023,CUST-0429,Sellable,2026-08-14 21:05:20
RET-9040,ORD-3040,PROD-033,CUST-0132,Sellable,2026-08-15 03:01:05
RET-9031,ORD-2781,PROD-064,CUST-0147,Sellable,2026-08-15 04:10:51
RET-9042,ORD-3053,PROD-007,CUST-0423,Sellable,2026-08-15 04:51:54
RET-9038,ORD-2999,PROD-006,CUST-0274,Sellable,2026-08-15 05:11:23
RET-9033,ORD-2853,PROD-003,CUST-0052,Sellable,2026-08-15 07:25:15
RET-9046,ORD-3212,PROD-093,CUST-0487,Sellable,2026-08-15 09:28:43
RET-9034,ORD-2919,PROD-090,CUST-0380,Sellable,2026-08-15 17:48:12
RET-9048,ORD-3255,PROD-071,CUST-0250,Sellable,2026-08-15 18:35:55
RET-9036,ORD-2941,PROD-087,CUST-0108,Sellable,2026-08-15 18:56:07
RET-9043,ORD-3123,PROD-088,CUST-0312,Sellable,2026-08-15 22:49:25
RET-9035,ORD-2936,PROD-095,CUST-0481,Sellable,2026-08-15 23:13:42
RET-9037,ORD-2954,PROD-054,CUST-0136,Sellable,2026-08-16 02:47:13
RET-9049,ORD-3282,PROD-033,CUST-0049,Sellable,2026-08-16 08:26:14
RET-9041,ORD-3050,PROD-037,CUST-0406,Sellable,2026-08-16 17:26:39
RET-9044,ORD-3149,PROD-031,CUST-0196,Sellable,2026-08-16 23:31:32
RET-9050,ORD-3298,PROD-099,CUST-0321,Sellable,2026-08-17 09:42:55
RET-9047,ORD-3231,PROD-002,CUST-0284,Sellable,2026-08-17 20:10:55
RET-9052,ORD-3484,PROD-032,CUST-0166,Sellable,2026-08-18 05:10:25
RET-9053,ORD-3619,PROD-015,CUST-0106,Sellable,2026-08-18 06:22:16
RET-9051,ORD-3378,PROD-023,CUST-0081,Sellable,2026-08-18 10:05:34
RET-9054,ORD-3716,PROD-024,CUST-0078,Sellable,2026-08-19 11:09:57
RET-9056,ORD-3951,PROD-020,CUST-0414,Sellable,2026-08-20 01:35:48
RET-9057,ORD-4040,PROD-015,CUST-0334,Sellable,2026-08-20 09:14:56
RET-9055,ORD-3902,PROD-024,CUST-0079,Sellable,2026-08-21 13:37:18
RET-9058,ORD-4146,PROD-077,CUST-0058,Sellable,2026-08-22 14:19:45
RET-9059,ORD-4234,PROD-002,CUST-0076,Sellable,2026-08-22 16:50:58
RET-9060,ORD-4422,PROD-048,CUST-0226,Sellable,2026-08-22 20:35:15
RET-9062,ORD-4529,PROD-006,CUST-0086,Sellable,2026-08-23 14:48:13
RET-9066,ORD-4608,PROD-088,CUST-0358,Sellable,2026-08-23 17:02:26
RET-9061,ORD-4437,PROD-020,CUST-0232,Sellable,2026-08-23 22:43:06
RET-9068,ORD-4631,PROD-021,CUST-0389,Sellable,2026-08-24 01:18:47
RET-9063,ORD-4544,PROD-029,CUST-0361,Sellable,2026-08-24 06:56:09
RET-9067,ORD-4630,PROD-048,CUST-0158,Sellable,2026-08-24 16:10:12
RET-9064,ORD-4566,PROD-100,CUST-0024,Sellable,2026-08-24 18:04:18
RET-9069,ORD-4769,PROD-008,CUST-0184,Sellable,2026-08-24 18:56:33
RET-9065,ORD-4567,PROD-001,CUST-0446,Sellable,2026-08-25 04:12:51
RET-9070,ORD-4967,PROD-024,CUST-0092,Sellable,2026-08-26 06:06:27
RET-9074,ORD-5218,PROD-001,CUST-0075,Sellable,2026-08-27 14:48:33
RET-9071,ORD-4971,PROD-069,CUST-0422,Sellable,2026-08-27 20:40:38
RET-9077,ORD-5368,PROD-035,CUST-0223,Sellable,2026-08-28 00:08:30
RET-9072,ORD-5025,PROD-060,CUST-0011,Sellable,2026-08-28 04:21:26
RET-9073,ORD-5135,PROD-040,CUST-0389,Sellable,2026-08-28 06:59:51
RET-9079,ORD-5427,PROD-052,CUST-0088,Sellable,2026-08-28 10:31:48
RET-9082,ORD-5587,PROD-056,CUST-0292,Sellable,2026-08-29 09:17:23
RET-9075,ORD-5269,PROD-073,CUST-0212,Sellable,2026-08-29 18:03:44
RET-9076,ORD-5286,PROD-003,CUST-0321,Sellable,2026-08-29 18:28:49
RET-9078,ORD-5417,PROD-066,CUST-0462,Sellable,2026-08-30 19:06:28
RET-9080,ORD-5525,PROD-072,CUST-0192,Sellable,2026-08-31 08:28:09
RET-9081,ORD-5576,PROD-029,CUST-0036,Sellable,2026-08-31 10:43:39
RET-9084,ORD-5638,PROD-085,CUST-0281,Sellable,2026-08-31 11:32:51
RET-9083,ORD-5624,PROD-069,CUST-0104,Sellable,2026-08-31 13:33:04
RET-9087,ORD-5885,PROD-046,CUST-0283,Sellable,2026-08-31 18:40:50
RET-9085,ORD-5854,PROD-018,CUST-0389,Sellable,2026-08-31 23:16:14
RET-9088,ORD-5967,PROD-090,CUST-0379,Sellable,2026-09-01 10:20:33
RET-9086,ORD-5878,PROD-040,CUST-0191,Sellable,2026-09-02 00:41:03
RET-9091,ORD-6112,PROD-089,CUST-0020,Sellable,2026-09-02 06:57:48
RET-9089,ORD-6054,PROD-100,CUST-0485,Sellable,2026-09-02 16:42:55
RET-9093,ORD-6178,PROD-024,CUST-0311,Sellable,2026-09-02 18:21:18
RET-9090,ORD-6081,PROD-020,CUST-0053,Sellable,2026-09-02 22:33:07
RET-9092,ORD-6171,PROD-029,CUST-0400,Sellable,2026-09-03 04:21:31
RET-9097,ORD-6341,PROD-030,CUST-0368,Sellable,2026-09-03 05:32:04
RET-9095,ORD-6304,PROD-079,CUST-0044,Sellable,2026-09-03 07:16:20
RET-9101,ORD-6484,PROD-082,CUST-0336,Sellable,2026-09-03 15:52:42
RET-9098,ORD-6386,PROD-091,CUST-0255,Sellable,2026-09-03 22:56:06
RET-9099,ORD-6408,PROD-002,CUST-0386,Sellable,2026-09-04 01:03:45
RET-9096,ORD-6340,PROD-077,CUST-0207,Sellable,2026-09-04 11:23:35
RET-9103,ORD-6542,PROD-051,CUST-0279,Sellable,2026-09-04 16:07:29
RET-9100,ORD-6457,PROD-037,CUST-0329,Sellable,2026-09-04 22:02:08
RET-9094,ORD-6291,PROD-074,CUST-0328,Sellable,2026-09-04 22:25:41
RET-9102,ORD-6530,PROD-095,CUST-0239,Sellable,2026-09-04 23:25:17
RET-9105,ORD-6786,PROD-059,CUST-0028,Sellable,2026-09-05 13:49:37
RET-9106,ORD-6834,PROD-060,CUST-0303,Sellable,2026-09-06 07:39:34
RET-9104,ORD-6695,PROD-036,CUST-0324,Sellable,2026-09-06 22:53:16
RET-9110,ORD-7043,PROD-058,CUST-0374,Sellable,2026-09-07 09:23:12
RET-9108,ORD-6974,PROD-079,CUST-0194,Sellable,2026-09-07 09:34:31
RET-9111,ORD-7111,PROD-005,CUST-0397,Sellable,2026-09-07 15:03:29
RET-9109,ORD-7023,PROD-049,CUST-0381,Sellable,2026-09-08 04:32:15
RET-9107,ORD-6875,PROD-084,CUST-0020,Sellable,2026-09-08 07:29:19
RET-9115,ORD-7353,PROD-064,CUST-0222,Sellable,2026-09-08 18:28:43
RET-9116,ORD-7376,PROD-028,CUST-0387,Sellable,2026-09-09 04:44:48
RET-9112,ORD-7240,PROD-094,CUST-0346,Sellable,2026-09-09 08:24:23
RET-9113,ORD-7336,PROD-038,CUST-0159,Sellable,2026-09-09 11:03:50
RET-9117,ORD-7483,PROD-040,CUST-0313,Sellable,2026-09-10 06:58:01
RET-9114,ORD-7344,PROD-092,CUST-0279,Sellable,2026-09-10 21:12:06
RET-9118,ORD-7544,PROD-065,CUST-0172,Sellable,2026-09-11 10:38:28
RET-9122,ORD-7717,PROD-029,CUST-0454,Sellable,2026-09-12 15:15:12
RET-CLUS-1,ORD-RC-1,PROD-019,CUST-0101,Carrier Damaged,2026-09-12 16:00:00
RET-9121,ORD-7697,PROD-013,CUST-0328,Sellable,2026-09-12 18:24:13
RET-CLUS-2,ORD-RC-2,PROD-019,CUST-0102,Carrier Damaged,2026-09-12 19:00:00
RET-9125,ORD-8019,PROD-002,CUST-0480,Sellable,2026-09-12 19:12:18
RET-9119,ORD-7665,PROD-047,CUST-0426,Sellable,2026-09-12 20:51:24
RET-CLUS-3,ORD-RC-3,PROD-019,CUST-0103,Carrier Damaged,2026-09-12 22:00:00
RET-9120,ORD-7684,PROD-090,CUST-0412,Sellable,2026-09-13 00:33:33
RET-CLUS-4,ORD-RC-4,PROD-019,CUST-0104,Carrier Damaged,2026-09-13 01:00:00
RET-CLUS-5,ORD-RC-5,PROD-019,CUST-0105,Carrier Damaged,2026-09-13 04:00:00
RET-9123,ORD-7976,PROD-045,CUST-0096,Sellable,2026-09-13 11:05:31
RET-9124,ORD-8000,PROD-044,CUST-0175,Sellable,2026-09-13 11:30:12
RET-9126,ORD-8070,PROD-066,CUST-0472,Sellable,2026-09-13 22:27:28
RET-1029-1,ORD-P17-1,P17,CUST-0011,Defective,2026-09-14 14:20:00
RET-1029-2,ORD-P17-2,P17,CUST-0012,Defective,2026-09-14 20:20:00
RET-1029-3,ORD-P17-3,P17,CUST-0013,Defective,2026-09-15 02:20:00
RET-9129,ORD-8461,PROD-060,CUST-0162,Sellable,2026-09-15 09:04:42
RET-9128,ORD-8189,PROD-074,CUST-0326,Sellable,2026-09-15 13:23:14
RET-9127,ORD-8180,PROD-079,CUST-0127,Sellable,2026-09-15 17:06:35
RET-9131,ORD-8586,PROD-052,CUST-0143,Sellable,2026-09-16 09:51:25
RET-9132,ORD-8588,PROD-072,CUST-0054,Sellable,2026-09-17 05:08:14
RET-9130,ORD-8537,PROD-020,CUST-0081,Sellable,2026-09-18 06:53:06
RET-9133,ORD-8609,PROD-067,CUST-0050,Sellable,2026-09-18 08:07:37
RET-9135,ORD-8770,PROD-086,CUST-0324,Sellable,2026-09-18 12:01:21
RET-9136,ORD-8799,PROD-052,CUST-0173,Sellable,2026-09-19 01:09:13
RET-9138,ORD-9014,PROD-076,CUST-0117,Sellable,2026-09-19 02:44:03
RET-9134,ORD-8727,PROD-018,CUST-0493,Sellable,2026-09-19 04:54:48
RET-9141,ORD-9044,PROD-061,CUST-0028,Sellable,2026-09-19 10:59:59
RET-9140,ORD-9030,PROD-042,CUST-0028,Sellable,2026-09-19 11:00:13
RET-9144,ORD-9185,PROD-074,CUST-0154,Sellable,2026-09-19 15:03:24
RET-9142,ORD-9096,PROD-040,CUST-0052,Sellable,2026-09-19 18:23:50
RET-9145,ORD-9256,PROD-066,CUST-0113,Sellable,2026-09-20 02:09:08
RET-9137,ORD-8929,PROD-014,CUST-0274,Sellable,2026-09-20 08:38:44
RET-9146,ORD-9283,PROD-041,CUST-0171,Sellable,2026-09-20 21:59:46
RET-9139,ORD-9017,PROD-027,CUST-0347,Sellable,2026-09-21 02:09:33
RET-9143,ORD-9100,PROD-083,CUST-0169,Sellable,2026-09-21 03:57:59
RET-9149,ORD-9442,PROD-086,CUST-0254,Sellable,2026-09-21 12:36:40
RET-9147,ORD-9319,PROD-054,CUST-0032,Sellable,2026-09-21 21:06:36
RET-9148,ORD-9384,PROD-051,CUST-0051,Sellable,2026-09-22 03:21:26
