order_id,seller_id,customer_id,product_id,quantity,unit_price,gross_amount,status,timestamp
ORD-1001,SEL-001,CUST-0483,P17,1,1100.0,1100.0,COMPLETED,2026-08-01 09:00:12
ORD-1002,SEL-001,CUST-0385,PROD-083,1,1366.65,1366.65,COMPLETED,2026-08-01 09:08:34
ORD-1003,SEL-001,CUST-0233,P17,1,1100.0,1100.0,COMPLETED,2026-08-01 09:16:54
ORD-1004,SEL-001,CUST-0391,PROD-014,2,1095.06,2190.12,COMPLETED,2026-08-01 09:25:37
ORD-1005,SEL-001,CUST-0260,PROD-020,1,3690.08,3690.08,COMPLETED,2026-08-01 09:34:13
ORD-1006,SEL-001,CUST-0399,PROD-001,1,2967.56,2967.56,COMPLETED,2026-08-01 09:42:55
ORD-1007,SEL-001,CUST-0476,PROD-040,1,3912.25,3912.25,COMPLETED,2026-08-01 09:51:00
ORD-1008,SEL-001,CUST-0485,PROD-094,1,3616.34,3616.34,COMPLETED,2026-08-01 09:59:47
ORD-1009,SEL-001,CUST-0273,P17,1,1100.0,1100.0,COMPLETED,2026-08-01 10:08:25
ORD-1010,SEL-001,CUST-0136,PROD-078,1,4136.83,4136.83,COMPLETED,2026-08-01 10:16:38
ORD-1011,SEL-001,CUST-0387,PROD-026,1,4318.16,4318.16,COMPLETED,2026-08-01 10:25:22
ORD-1012,SEL-001,CUST-0333,PROD-067,1,3548.0,3548.0,COMPLETED,2026-08-01 10:33:58
ORD-1013,SEL-001,CUST-0174,P17,1,1100.0,1100.0,COMPLETED,2026-08-01 10:42:11
ORD-1014,SEL-001,CUST-0037,PROD-008,1,619.49,619.49,COMPLETED,2026-08-01 10:50:41
ORD-1015,SEL-001,CUST-0170,PROD-031,1,2815.84,2815.84,COMPLETED,2026-08-01 10:59:40
ORD-1016,SEL-001,CUST-0068,PROD-074,1,3974.56,3974.56,COMPLETED,2026-08-01 11:08:02
ORD-1017,SEL-001,CUST-0414,PROD-013,1,362.78,362.78,COMPLETED,2026-08-01 11:16:32
ORD-1018,SEL-001,CUST-0211,PROD-094,1,3616.34,3616.34,COMPLETED,2026-08-01 11:25:02
ORD-1019,SEL-001,CUST-0051,PROD-094,1,3616.34,3616.34,COMPLETED,2026-08-01 11:33:41
ORD-1020,SEL-001,CUST-0099,PROD-058,1,977.34,977.34,COMPLETED,2026-08-01 11:42:00
ORD-1021,SEL-001,CUST-0128,PROD-010,1,376.64,376.64,COMPLETED,2026-08-01 11:50:39
ORD-1022,SEL-001,CUST-0051,PROD-070,1,1590.68,1590.68,COMPLETED,2026-08-01 11:59:14
ORD-1023,SEL-001,CUST-0386,PROD-022,1,3674.73,3674.73,COMPLETED,2026-08-01 12:07:59
ORD-1024,SEL-001,CUST-0206,PROD-022,1,3674.73,3674.73,COMPLETED,2026-08-01 12:16:29
ORD-1025,SEL-001,CUST-0475,PROD-059,1,3348.79,3348.79,COMPLETED,2026-08-01 12:24:42
ORD-1026,SEL-001,CUST-0402,PROD-092,1,716.01,716.01,COMPLETED,2026-08-01 12:33:29
ORD-1027,SEL-001,CUST-0496,PROD-095,1,2044.18,2044.18,COMPLETED,2026-08-01 12:41:44
ORD-1028,SEL-001,CUST-0026,PROD-065,2,3159.61,6319.22,COMPLETED,2026-08-01 12:50:11
ORD-1029,SEL-001,CUST-0492,PROD-024,1,1696.06,1696.06,COMPLETED,2026-08-01 12:58:43
ORD-1030,SEL-001,CUST-0121,PROD-073,1,4257.37,4257.37,COMPLETED,2026-08-01 13:07:41
ORD-1031,SEL-001,CUST-0042,PROD-075,1,1587.38,1587.38,COMPLETED,2026-08-01 13:16:05
ORD-1032,SEL-001,CUST-0105,PROD-041,1,2703.75,2703.75,COMPLETED,2026-08-01 13:24:26
ORD-1033,SEL-001,CUST-0331,PROD-041,2,2703.75,5407.5,COMPLETED,2026-08-01 13:33:11
ORD-1034,SEL-001,CUST-0235,PROD-073,2,4257.37,8514.74,COMPLETED,2026-08-01 13:41:22
ORD-1035,SEL-001,CUST-0260,PROD-045,2,1479.9,2959.8,COMPLETED,2026-08-01 13:50:00
ORD-1036,SEL-001,CUST-0146,PROD-070,1,1590.68,1590.68,COMPLETED,2026-08-01 13:58:37
ORD-1037,SEL-001,CUST-0335,PROD-086,1,1947.45,1947.45,COMPLETED,2026-08-01 14:07:23
ORD-1038,SEL-001,CUST-0054,PROD-018,1,1186.87,1186.87,COMPLETED,2026-08-01 14:15:51
ORD-1039,SEL-001,CUST-0284,PROD-037,1,2596.17,2596.17,COMPLETED,2026-08-01 14:24:25
ORD-1040,SEL-001,CUST-0352,PROD-034,1,2528.97,2528.97,COMPLETED,2026-08-01 14:32:40
ORD-1041,SEL-001,CUST-0434,PROD-082,1,2635.81,2635.81,COMPLETED,2026-08-01 14:41:35
ORD-1042,SEL-001,CUST-0171,PROD-082,2,2635.81,5271.62,COMPLETED,2026-08-01 14:49:38
ORD-1043,SEL-001,CUST-0283,PROD-072,1,1146.68,1146.68,COMPLETED,2026-08-01 14:58:24
ORD-1044,SEL-001,CUST-0354,PROD-070,1,1590.68,1590.68,COMPLETED,2026-08-01 15:07:11
ORD-1045,SEL-001,CUST-0076,PROD-006,1,3125.97,3125.97,COMPLETED,2026-08-01 15:15:32
ORD-1046,SEL-001,CUST-0498,PROD-046,1,589.12,589.12,COMPLETED,2026-08-01 15:24:12
ORD-1047,SEL-001,CUST-0182,PROD-053,2,1140.4,2280.8,COMPLETED,2026-08-01 15:32:22
ORD-1048,SEL-001,CUST-0477,PROD-021,2,277.62,555.24,COMPLETED,2026-08-01 15:41:20
ORD-1049,SEL-001,CUST-0212,P17,1,1100.0,1100.0,COMPLETED,2026-08-01 15:49:51
ORD-1050,SEL-001,CUST-0211,PROD-095,1,2044.18,2044.18,COMPLETED,2026-08-01 15:58:24
