transaction_id,order_id,entity_type,entity_id,amount,direction,type,timestamp
TX-5001,ORD-1001,CUSTOMER,CUST-0483,1100.0,INFLOW,ORDER_PAYMENT,2026-08-01 09:00:12
TX-5002,ORD-1002,CUSTOMER,CUST-0385,1366.65,INFLOW,ORDER_PAYMENT,2026-08-01 09:08:34
TX-5003,ORD-1003,CUSTOMER,CUST-0233,1100.0,INFLOW,ORDER_PAYMENT,2026-08-01 09:16:54
TX-5004,ORD-1004,CUSTOMER,CUST-0391,2190.12,INFLOW,ORDER_PAYMENT,2026-08-01 09:25:37
TX-5005,ORD-1005,CUSTOMER,CUST-0260,3690.08,INFLOW,ORDER_PAYMENT,2026-08-01 09:34:13
TX-5006,ORD-1006,CUSTOMER,CUST-0399,2967.56,INFLOW,ORDER_PAYMENT,2026-08-01 09:42:55
TX-5007,ORD-1007,CUSTOMER,CUST-0476,3912.25,INFLOW,ORDER_PAYMENT,2026-08-01 09:51:00
TX-5008,ORD-1008,CUSTOMER,CUST-0485,3616.34,INFLOW,ORDER_PAYMENT,2026-08-01 09:59:47
TX-5009,ORD-1009,CUSTOMER,CUST-0273,1100.0,INFLOW,ORDER_PAYMENT,2026-08-01 10:08:25
TX-5010,ORD-1010,CUSTOMER,CUST-0136,4136.83,INFLOW,ORDER_PAYMENT,2026-08-01 10:16:38
TX-5011,ORD-1011,CUSTOMER,CUST-0387,4318.16,INFLOW,ORDER_PAYMENT,2026-08-01 10:25:22
TX-5012,ORD-1012,CUSTOMER,CUST-0333,3548.0,INFLOW,ORDER_PAYMENT,2026-08-01 10:33:58
TX-5013,ORD-1013,CUSTOMER,CUST-0174,1100.0,INFLOW,ORDER_PAYMENT,2026-08-01 10:42:11
TX-5014,ORD-1014,CUSTOMER,CUST-0037,619.49,INFLOW,ORDER_PAYMENT,2026-08-01 10:50:41
TX-5015,ORD-1015,CUSTOMER,CUST-0170,2815.84,INFLOW,ORDER_PAYMENT,2026-08-01 10:59:40
TX-5016,ORD-1016,CUSTOMER,CUST-0068,3974.56,INFLOW,ORDER_PAYMENT,2026-08-01 11:08:02
TX-5017,ORD-1017,CUSTOMER,CUST-0414,362.78,INFLOW,ORDER_PAYMENT,2026-08-01 11:16:32
TX-5018,ORD-1018,CUSTOMER,CUST-0211,3616.34,INFLOW,ORDER_PAYMENT,2026-08-01 11:25:02
TX-5019,ORD-1019,CUSTOMER,CUST-0051,3616.34,INFLOW,ORDER_PAYMENT,2026-08-01 11:33:41
TX-5020,ORD-1020,CUSTOMER,CUST-0099,977.34,INFLOW,ORDER_PAYMENT,2026-08-01 11:42:00
TX-5021,ORD-1021,CUSTOMER,CUST-0128,376.64,INFLOW,ORDER_PAYMENT,2026-08-01 11:50:39
TX-5022,ORD-1022,CUSTOMER,CUST-0051,1590.68,INFLOW,ORDER_PAYMENT,2026-08-01 11:59:14
TX-5023,ORD-1023,CUSTOMER,CUST-0386,3674.73,INFLOW,ORDER_PAYMENT,2026-08-01 12:07:59
TX-5024,ORD-1024,CUSTOMER,CUST-0206,3674.73,INFLOW,ORDER_PAYMENT,2026-08-01 12:16:29
TX-5025,ORD-1025,CUSTOMER,CUST-0475,3348.79,INFLOW,ORDER_PAYMENT,2026-08-01 12:24:42
TX-5026,ORD-1026,CUSTOMER,CUST-0402,716.01,INFLOW,ORDER_PAYMENT,2026-08-01 12:33:29
TX-5027,ORD-1027,CUSTOMER,CUST-0496,2044.18,INFLOW,ORDER_PAYMENT,2026-08-01 12:41:44
TX-5028,ORD-1028,CUSTOMER,CUST-0026,6319.22,INFLOW,ORDER_PAYMENT,2026-08-01 12:50:11
TX-5029,ORD-1029,CUSTOMER,CUST-0492,1696.06,INFLOW,ORDER_PAYMENT,2026-08-01 12:58:43
TX-5030,ORD-1030,CUSTOMER,CUST-0121,4257.37,INFLOW,ORDER_PAYMENT,2026-08-01 13:07:41
TX-5031,ORD-1031,CUSTOMER,CUST-0042,1587.38,INFLOW,ORDER_PAYMENT,2026-08-01 13:16:05
TX-5032,ORD-1032,CUSTOMER,CUST-0105,2703.75,INFLOW,ORDER_PAYMENT,2026-08-01 13:24:26
TX-5033,ORD-1033,CUSTOMER,CUST-0331,5407.5,INFLOW,ORDER_PAYMENT,2026-08-01 13:33:11
TX-5034,ORD-1034,CUSTOMER,CUST-0235,8514.74,INFLOW,ORDER_PAYMENT,2026-08-01 13:41:22
TX-5035,ORD-1035,CUSTOMER,CUST-0260,2959.8,INFLOW,ORDER_PAYMENT,2026-08-01 13:50:00
TX-5036,ORD-1036,CUSTOMER,CUST-0146,1590.68,INFLOW,ORDER_PAYMENT,2026-08-01 13:58:37
TX-5037,ORD-1037,CUSTOMER,CUST-0335,1947.45,INFLOW,ORDER_PAYMENT,2026-08-01 14:07:23
TX-5038,ORD-1038,CUSTOMER,CUST-0054,1186.87,INFLOW,ORDER_PAYMENT,2026-08-01 14:15:51
TX-5039,ORD-1039,CUSTOMER,CUST-0284,2596.17,INFLOW,ORDER_PAYMENT,2026-08-01 14:24:25
TX-5040,ORD-1040,CUSTOMER,CUST-0352,2528.97,INFLOW,ORDER_PAYMENT,2026-08-01 14:32:40
TX-5041,ORD-1041,CUSTOMER,CUST-0434,2635.81,INFLOW,ORDER_PAYMENT,2026-08-01 14:41:35
TX-5042,ORD-1042,CUSTOMER,CUST-0171,5271.62,INFLOW,ORDER_PAYMENT,2026-08-01 14:49:38
TX-5043,ORD-1043,CUSTOMER,CUST-0283,1146.68,INFLOW,ORDER_PAYMENT,2026-08-01 14:58:24
TX-5044,ORD-1044,CUSTOMER,CUST-0354,1590.68,INFLOW,ORDER_PAYMENT,2026-08-01 15:07:11
TX-5045,ORD-1045,CUSTOMER,CUST-0076,3125.97,INFLOW,ORDER_PAYMENT,2026-08-01 15:15:32
TX-5046,ORD-1046,CUSTOMER,CUST-0498,589.12,INFLOW,ORDER_PAYMENT,2026-08-01 15:24:12
TX-5047,ORD-1047,CUSTOMER,CUST-0182,2280.8,INFLOW,ORDER_PAYMENT,2026-08-01 15:32:22
TX-5048,ORD-1048,CUSTOMER,CUST-0477,555.24,INFLOW,ORDER_PAYMENT,2026-08-01 15:41:20
TX-5049,ORD-1049,CUSTOMER,CUST-0212,1100.0,INFLOW,ORDER_PAYMENT,2026-08-01 15:49:51
TX-5050,ORD-1050,CUSTOMER,CUST-0211,2044.18,INFLOW,ORDER_PAYMENT,2026-08-01 15:58:24
